version,band,valid_pixels,mean,std,minimum,maximum,files,units
RGB,1,110592000,0.3443759582652484,0.2026607726114316,0.0,1.0,27000,RGB / 255
RGB,2,110592000,0.38029084002813834,0.13689659151994207,0.011764705882352941,1.0,27000,RGB / 255
RGB,3,110592000,0.40777028771360874,0.1155501199748525,0.0196078431372549,1.0,27000,RGB / 255
MS,1,110592000,1353.7269257269966,245.29139370737693,808.0,17720.0,27000,raw stored values
MS,2,110592000,1117.202292353876,333.4405286834468,0.0,28000.0,27000,raw stored values
MS,3,110592000,1041.8847248444774,395.2194780217168,0.0,28000.0,27000,raw stored values
MS,4,110592000,946.5542548737658,594.4786469474511,0.0,28000.0,27000,raw stored values
MS,5,110592000,1199.1886644965377,567.0138313110556,174.0,24008.0,27000,raw stored values
MS,6,110592000,2003.006799940317,861.0194211853515,153.0,27791.0,27000,raw stored values
MS,7,110592000,2374.0084444173076,1086.97186435677,128.0,28001.0,27000,raw stored values
MS,8,110592000,2301.2204383861535,1118.31956443867,0.0,28003.0,27000,raw stored values
MS,9,110592000,732.1819500777665,403.8442539166609,40.0,15384.0,27000,raw stored values
MS,10,110592000,12.099527624059686,4.7293788408054995,1.0,183.0,27000,raw stored values
MS,11,110592000,1820.696377486625,1002.5941300695517,5.0,24704.0,27000,raw stored values
MS,12,110592000,1118.2027229275163,760.6245896349269,1.0,22210.0,27000,raw stored values
MS,13,110592000,2599.7829372558567,1231.6794155179891,91.0,28000.0,27000,raw stored values
